event_id,symbol,tf,cls_at_signal,r,bubble,nas,shapes_n
2026-05-04T11:00:14.721336+00:00_PEPPERSTONE:XAUUSD_30_monitor_dynamic_bb_zone,XAUUSD,30,SETUP_CANDIDATO_FORTE,-1.0,cluster_absent,NONE,0.0
2026-05-04T13:30:08.177102+00:00_PEPPERSTONE:XPTUSD_15_monitor_dynamic_bb_zone,XPTUSD,15,SETUP_EM_OBSERVACAO,-1.0,unclear,NONE,
2026-05-04T16:15:01.704541+00:00_PEPPERSTONE:US500_15_monitor_trendline_lta,US500,15,SETUP_CANDIDATO_FORTE,3.07,unclear,NONE,
2026-05-04T18:45:08.769377+00:00_PEPPERSTONE:US500_15_monitor_trendline_lta,US500,15,SETUP_EM_OBSERVACAO,2.15,cluster_absent,NONE,0.0
2026-05-05T00:00:04.834328+00:00_PEPPERSTONE:ETHUSD_60_monitor_zone,ETHUSD,60,SETUP_EM_OBSERVACAO,-1.0,unclear,NONE,
2026-05-05T00:15:04.918075+00:00_PEPPERSTONE:US500_15_monitor_trendline_lta,US500,15,SETUP_EM_OBSERVACAO,-1.0,unclear,NONE,
2026-05-05T05:00:04.689646+00:00_PEPPERSTONE:EURUSD_60_monitor_dynamic_bb_zone,EURUSD,60,SETUP_EM_OBSERVACAO,1.96,cluster_absent,NONE,0.0
2026-05-05T05:00:14.559779+00:00_PEPPERSTONE:ETHUSD_240_monitor_zone,ETHUSD,240,SETUP_EM_OBSERVACAO,-1.0,unclear,NONE,
2026-05-05T05:00:09.884162+00:00_PEPPERSTONE:BTCUSD_240_monitor_breakout,BTCUSD,240,SETUP_EM_OBSERVACAO,2.0,cluster_absent,NONE,0.0
2026-05-05T06:45:02.805314+00:00_PEPPERSTONE:US500_15_monitor_trendline_lta,US500,15,SETUP_CANDIDATO_FORTE,-1.0,unclear,NONE,
2026-05-05T13:00:05.277673+00:00_PEPPERSTONE:ETHUSD_240_monitor_zone,ETHUSD,240,INTRADAY_EM_OBSERVACAO,1.0,cluster_absent,NONE,0.0
2026-05-05T13:00:02.798259+00:00___,,,SETUP_EM_OBSERVACAO,6.0,cluster_absent,NONE,0.0
2026-05-05T14:00:00.923208+00:00_PEPPERSTONE:XAUUSD_240_monitor_trendline_lta,XAUUSD,240,SETUP_EM_OBSERVACAO,-1.0,cluster_absent,NONE,0.0
2026-05-05T14:00:13.535485+00:00_VANTAGE:USOUSD_240_monitor_trendline_lta,USOUSD,240,SETUP_EM_OBSERVACAO,2.42,unclear,NONE,
2026-05-05T17:00:21.293902+00:00_PEPPERSTONE:XAUUSD_30_monitor_dynamic_bb_zone,XAUUSD,30,SETUP_EM_OBSERVACAO,-1.0,unclear,NONE,
2026-05-05T17:15:06.683976+00:00_PEPPERSTONE:XPTUSD_15_monitor_dynamic_bb_zone,XPTUSD,15,SETUP_EM_OBSERVACAO,-1.0,cluster_absent,NONE,0.0
2026-05-05T18:30:13.319081+00:00_PEPPERSTONE:XAUUSD_30_monitor_dynamic_bb_zone,XAUUSD,30,SETUP_EM_OBSERVACAO,-1.0,unclear,NONE,
2026-05-06T00:00:15.811722+00:00_VANTAGE:USOUSD_60_monitor_zone,USOUSD,60,SETUP_EM_OBSERVACAO,1.15,cluster_absent,NONE,0.0
2026-05-06T04:00:02.079663+00:00_PEPPERSTONE:XPTUSD_15_monitor_dynamic_bb_zone,XPTUSD,15,SETUP_CANDIDATO_FORTE,-1.0,unclear,NONE,
2026-05-06T05:00:15.028192+00:00_VANTAGE:USOUSD_60_monitor_zone,USOUSD,60,INTRADAY_EM_OBSERVACAO,2.24,unclear,NONE,
2026-05-06T05:00:12.233726+00:00___,,,SETUP_CANDIDATO_FORTE,1.0,unclear,NONE,
2026-05-06T08:00:08.032894+00:00_VANTAGE:USOUSD_30_monitor_zone,USOUSD,30,SETUP_CANDIDATO_FORTE,-1.0,unclear,NONE,
2026-05-06T09:00:04.499603+00:00_PEPPERSTONE:EURUSD_30_monitor_dynamic_bb_zone,EURUSD,30,INTRADAY_EM_OBSERVACAO,-1.0,unclear,NONE,
2026-05-06T09:00:17.302956+00:00_PEPPERSTONE:XPTUSD_60_monitor_zone,XPTUSD,60,SETUP_EM_OBSERVACAO,-1.0,unclear,NONE,
2026-05-06T09:00:07.200005+00:00_PEPPERSTONE:XAUUSD_30_monitor_dynamic_bb_zone,XAUUSD,30,SETUP_EM_OBSERVACAO,-1.0,unclear,NONE,
2026-05-06T10:00:08.259641+00:00_PEPPERSTONE:XAGUSD_240_monitor_breakout,XAGUSD,240,SETUP_EM_OBSERVACAO,3.15,cluster_absent,NONE,0.0
2026-05-06T10:30:04.153283+00:00_PEPPERSTONE:XAUUSD_30_monitor_zone,XAUUSD,30,SETUP_CANDIDATO_FORTE,-1.0,unclear,NONE,
2026-05-06T11:30:06.107274+00:00_PEPPERSTONE:XAUUSD_30_monitor_zone,XAUUSD,30,SETUP_CANDIDATO_FORTE,-1.0,unclear,NONE,
2026-05-01T10:00:02.475150+00:00_PEPPERSTONE:XAGUSD_720_monitor_trendline_lta,XAGUSD,720,SETUP_EM_OBSERVACAO,2.0,cluster_absent,NONE,0.0
2026-05-04T13:00:05.367609+00:00_PEPPERSTONE:ETHUSD_240_monitor_trendline_ltb,ETHUSD,240,SETUP_EM_OBSERVACAO,-1.0,unclear,NONE,
2026-05-04T17:15:10.722575+00:00_PEPPERSTONE:US500_15_monitor_trendline_lta,US500,15,SETUP_EM_OBSERVACAO,1.59,unclear,NONE,
2026-05-04T17:30:08.455086+00:00_PEPPERSTONE:BTCUSD_30_monitor_dynamic_bb_zone,BTCUSD,30,SETUP_EM_OBSERVACAO,6.06,unclear,NONE,
2026-05-04T18:00:05.599229+00:00_PEPPERSTONE:XAUUSD_240_monitor_trendline_lta,XAUUSD,240,SETUP_EM_OBSERVACAO,3.48,unclear,NONE,
2026-05-04T18:00:07.905996+00:00_PEPPERSTONE:XAUUSD_240_monitor_zone,XAUUSD,240,SETUP_EM_OBSERVACAO,2.87,unclear,NONE,
2026-05-04T19:15:05.390309+00:00_PEPPERSTONE:US500_15_monitor_trendline_lta,US500,15,SETUP_EM_OBSERVACAO,1.42,unclear,NONE,
2026-05-04T20:15:01.999070+00:00_PEPPERSTONE:US500_15_monitor_trendline_lta,US500,15,SETUP_EM_OBSERVACAO,1.35,cluster_absent,NONE,0.0
2026-05-04T20:30:07.368747+00:00_PEPPERSTONE:US500_15_monitor_trendline_lta,US500,15,SETUP_EM_OBSERVACAO,-1.0,unclear,NONE,
2026-05-05T00:30:05.220439+00:00_PEPPERSTONE:US500_15_monitor_trendline_lta,US500,15,SETUP_EM_OBSERVACAO,1.68,unclear,NONE,
2026-05-05T01:15:04.895736+00:00_PEPPERSTONE:US500_15_monitor_trendline_lta,US500,15,SETUP_EM_OBSERVACAO,2.3,cluster_absent,NONE,0.0
2026-05-05T04:00:01.426341+00:00_PEPPERSTONE:XPTUSD_15_monitor_dynamic_bb_zone,XPTUSD,15,SETUP_EM_OBSERVACAO,-1.0,unclear,NONE,
2026-05-05T05:00:07.568866+00:00_PEPPERSTONE:XPTUSD_15_monitor_dynamic_bb_zone,XPTUSD,15,SETUP_EM_OBSERVACAO,-1.0,cluster_absent,NONE,0.0
2026-05-05T06:30:06.296693+00:00_PEPPERSTONE:US500_15_monitor_trendline_lta,US500,15,SETUP_EM_OBSERVACAO,2.0,unclear,NONE,
2026-05-05T12:00:08.603697+00:00_PEPPERSTONE:XAUUSD_30_monitor_dynamic_bb_zone,XAUUSD,30,SETUP_EM_OBSERVACAO,2.52,unclear,NONE,
2026-05-05T16:00:07.079995+00:00_PEPPERSTONE:XAUUSD_30_monitor_dynamic_bb_zone,XAUUSD,30,SETUP_EM_OBSERVACAO,-1.0,unclear,NONE,
2026-05-05T18:00:08.897515+00:00_PEPPERSTONE:XAUUSD_240_monitor_trendline_ltb,XAUUSD,240,SETUP_EM_OBSERVACAO,-1.0,unclear,NONE,
2026-05-05T18:00:05.113937+00:00_PEPPERSTONE:XAUUSD_240_monitor_trendline_lta,XAUUSD,240,SETUP_EM_OBSERVACAO,1.71,unclear,NONE,
2026-05-05T18:45:05.432578+00:00_PEPPERSTONE:XPTUSD_15_monitor_dynamic_bb_zone,XPTUSD,15,SETUP_EM_OBSERVACAO,-1.0,unclear,NONE,
2026-05-05T21:00:00.769696+00:00_PEPPERSTONE:ETHUSD_240_monitor_zone,ETHUSD,240,SETUP_EM_OBSERVACAO,-1.0,cluster_absent,NONE,0.0
2026-05-06T02:00:01.466838+00:00_PEPPERSTONE:XAUUSD_240_monitor_trendline_ltb,XAUUSD,240,SETUP_EM_OBSERVACAO,-1.0,unclear,NONE,
2026-05-06T11:00:09.704694+00:00_VANTAGE:USOUSD_60_monitor_zone,USOUSD,60,NO_TRADE (max SETUP_EM_OBSERVACAO),2.0,cluster_present,NONE,
2026-05-06T12:00:14.943235+00:00_PEPPERSTONE:XAUUSD_30_monitor_dynamic_bb_zone,XAUUSD,30,SETUP_CANDIDATO_FORTE,3.23,unclear,NONE,
2026-05-06T13:00:03.762846+00:00_PEPPERSTONE:XPTUSD_60_monitor_zone,XPTUSD,60,SETUP_CANDIDATO_FORTE,-1.0,unclear,NONE,
2026-05-06T14:30:10.585422+00:00_PEPPERSTONE:XPTUSD_30_monitor_zone,XPTUSD,30,SETUP_CANDIDATO_FORTE — REVISÃO HUMANA,-1.0,unclear,NONE,
2026-05-06T15:30:05.725029+00:00_PEPPERSTONE:XAUUSD_30_monitor_dynamic_bb_zone,XAUUSD,30,SETUP_EM_OBSERVACAO,-1.0,unclear,NONE,
2026-05-06T17:00:03.115115+00:00_PEPPERSTONE:EURUSD_15_monitor_dynamic_line,EURUSD,15,SETUP_EM_OBSERVACAO,-1.0,unclear,NONE,
2026-05-06T17:00:05.232837+00:00___,,,SETUP_EM_OBSERVACAO,-1.0,unclear,NONE,
2026-05-06T19:00:02.221401+00:00_PEPPERSTONE:ETHUSD_60_monitor_zone,ETHUSD,60,SETUP_EM_OBSERVACAO,1.81,cluster_absent,NONE,
2026-05-06T19:30:08.680437+00:00_PEPPERSTONE:XAUUSD_30_monitor_dynamic_bb_zone,XAUUSD,30,SETUP_EM_OBSERVACAO,-1.0,unclear,NONE,
2026-05-06T21:00:00.899480+00:00_PEPPERSTONE:XPTUSD_240_monitor_zone,XPTUSD,240,SETUP_EM_OBSERVACAO,-1.0,unclear,NONE,
2026-05-06T22:30:04.185548+00:00_PEPPERSTONE:XAUUSD_30_monitor_dynamic_bb_zone,XAUUSD,30,SETUP_EM_OBSERVACAO,-1.0,cluster_absent,NONE,0.0
2026-05-06T23:00:02.247809+00:00_PEPPERSTONE:ETHUSD_60_monitor_zone,ETHUSD,60,SETUP_EM_OBSERVACAO,2.67,unclear,NONE,
2026-05-07T01:00:08.781925+00:00_PEPPERSTONE:ETHUSD_240_monitor_trendline_ltb,ETHUSD,240,SETUP_CANDIDATO_FORTE,3.19,unclear,NONE,
2026-05-07T01:30:04.980931+00:00_PEPPERSTONE:XAUUSD_30_monitor_zone,XAUUSD,30,INTRADAY_EM_OBSERVACAO,-1.0,unclear,NONE,
2026-05-07T02:30:02.515856+00:00_PEPPERSTONE:XAUUSD_30_monitor_zone,XAUUSD,30,SETUP_EM_OBSERVACAO (curto),-1.0,unclear,NONE,
2026-05-07T03:00:10.065764+00:00_PEPPERSTONE:ETHUSD_60_monitor_breakout,ETHUSD,60,SETUP_EM_OBSERVACAO (rompimento já se desfez),-1.0,unclear,NONE,
2026-05-07T04:00:07.975971+00:00_PEPPERSTONE:XAUUSD_30_monitor_dynamic_bb_zone,XAUUSD,30,SETUP_CANDIDATO_FORTE (REVISÃO HUMANA — não é entrada automática),-1.0,unclear,NONE,
2026-05-07T05:00:03.935788+00:00_PEPPERSTONE:EURUSD_15_monitor_dynamic_line,EURUSD,15,SETUP_EM_OBSERVACAO,-1.0,unclear,NONE,
2026-05-07T06:00:06.160053+00:00_PEPPERSTONE:ETHUSD_60_monitor_zone,ETHUSD,60,SETUP_EM_OBSERVACAO,1.05,unclear,NONE,
2026-05-07T06:00:06.157564+00:00_PEPPERSTONE:ETHUSD_60_monitor_breakout,ETHUSD,60,SETUP_EM_OBSERVACAO,-1.0,unclear,NONE,
2026-05-07T07:00:05.469898+00:00_PEPPERSTONE:XAUUSD_60_monitor_zone,XAUUSD,60,SETUP_CANDIDATO_FORTE,-1.0,unclear,NONE,
2026-05-07T09:00:08.167717+00:00_PEPPERSTONE:EURUSD_30_monitor_dynamic_bb_zone,EURUSD,30,SETUP_EM_OBSERVACAO,1.8,cluster_absent,NONE,0.0
2026-05-07T09:00:14.474572+00:00_PEPPERSTONE:XAUUSD_60_monitor_zone,XAUUSD,60,SETUP_CANDIDATO_FORTE,-1.0,unclear,NONE,
2026-05-07T11:00:06.397667+00:00_PEPPERSTONE:ETHUSD_60_monitor_breakout,ETHUSD,60,SETUP_EM_OBSERVACAO,-1.0,cluster_absent,NONE,0.0
2026-04-29T12:30:03.879609+00:00_PEPPERSTONE:XAUUSD_15_monitor_zone,XAUUSD,15,INTRADAY_EM_OBSERVACAO,-1.0,cluster_absent,NONE,0.0
2026-04-29T13:45:12.133603+00:00_PEPPERSTONE:XAUUSD_15_monitor_zone,XAUUSD,15,INTRADAY_EM_OBSERVACAO,2.0,cluster_present,NONE,
2026-04-29T16:00:13.407331+00:00_PEPPERSTONE:ETHUSD_60_monitor_zone,ETHUSD,60,INTRADAY_EM_OBSERVACAO,-1.0,unclear,NONE,
2026-04-29T17:00:02.546122+00:00_PEPPERSTONE:XPTUSD_30_monitor_zone,XPTUSD,30,INTRADAY_EM_OBSERVACAO,-1.0,unclear,NONE,
2026-04-29T19:00:14.520629+00:00_PEPPERSTONE:XAUUSD_15_monitor_zone,XAUUSD,15,INTRADAY_EM_OBSERVACAO,1.45,unclear,NONE,
2026-04-29T20:00:06.662214+00:00_PEPPERSTONE:XPTUSD_30_monitor_zone,XPTUSD,30,INTRADAY_EM_OBSERVACAO,2.11,unclear,NONE,
2026-04-29T21:00:00.635329+00:00_PEPPERSTONE:US500_60_monitor_zone,US500,60,INTRADAY_EM_OBSERVACAO,1.82,unclear,NONE,
2026-04-30T01:00:01.849677+00:00_PEPPERSTONE:ETHUSD_60_monitor_zone,ETHUSD,60,INTRADAY_EM_OBSERVACAO,1.85,unclear,NONE,
2026-04-30T03:45:04.360080+00:00_PEPPERSTONE:XAUUSD_15_monitor_zone,XAUUSD,15,INTRADAY_EM_OBSERVACAO,0.37,cluster_absent,NONE,0.0
2026-04-30T05:00:05.414098+00:00_PEPPERSTONE:US500_60_monitor_zone,US500,60,INTRADAY_EM_OBSERVACAO,1.75,unclear,NONE,
2026-04-30T05:30:05.670041+00:00_PEPPERSTONE:XPTUSD_30_monitor_zone,XPTUSD,30,INTRADAY_EM_OBSERVACAO,1.83,unclear,NONE,
2026-04-30T09:30:07.918427+00:00_PEPPERSTONE:XAGUSD_30_monitor_zone,XAGUSD,30,INTRADAY_EM_OBSERVACAO,1.0,unclear,NONE,
2026-04-30T10:00:04.114237+00:00_PEPPERSTONE:XAUUSD_720_monitor_invalidation,XAUUSD,720,INTRADAY_EM_OBSERVACAO,2.0,unclear,NONE,
2026-04-30T11:00:06.508580+00:00_PEPPERSTONE:XAGUSD_30_monitor_zone,XAGUSD,30,INTRADAY_EM_OBSERVACAO,2.0,unclear,NONE,
2026-04-30T13:00:05.759805+00:00_PEPPERSTONE:XAGUSD_30_monitor_zone,XAGUSD,30,INTRADAY_EM_OBSERVACAO,2.0,unclear,NONE,
2026-04-30T18:00:06.129056+00:00_PEPPERSTONE:XAGUSD_30_monitor_zone,XAGUSD,30,INTRADAY_EM_OBSERVACAO,-1.0,unclear,NONE,
2026-04-30T19:00:04.559604+00:00_PEPPERSTONE:XAGUSD_30_monitor_zone,XAGUSD,30,INTRADAY_EM_OBSERVACAO,-1.0,unclear,NONE,
2026-04-30T20:00:07.249709+00:00_PEPPERSTONE:XAGUSD_30_monitor_zone,XAGUSD,30,INTRADAY_EM_OBSERVACAO,-1.0,unclear,NONE,
2026-05-01T04:00:05.968871+00:00_PEPPERSTONE:ETHUSD_60_monitor_zone,ETHUSD,60,INTRADAY_EM_OBSERVACAO,1.78,unclear,NONE,
2026-05-01T05:00:04.251773+00:00_PEPPERSTONE:XAGUSD_30_monitor_zone,XAGUSD,30,INTRADAY_EM_OBSERVACAO,-1.0,unclear,NONE,
2026-05-01T06:00:05.093382+00:00_PEPPERSTONE:XAGUSD_30_monitor_zone,XAGUSD,30,INTRADAY_EM_OBSERVACAO,3.16,unclear,NONE,
2026-05-01T07:00:03.624521+00:00_PEPPERSTONE:ETHUSD_60_monitor_zone,ETHUSD,60,INTRADAY_EM_OBSERVACAO,2.08,cluster_absent,NONE,0.0
2026-05-01T10:00:01.992859+00:00_PEPPERSTONE:XAUUSD_720_monitor_zone,XAUUSD,720,SETUP EM OBSERVAÇÃO / INTRADAY_EM_OBSERVACAO,1.57,unclear,NONE,
2026-05-04T11:00:09.154094+00:00_PEPPERSTONE:ETHUSD_60_monitor_zone,ETHUSD,60,INTRADAY_EM_OBSERVACAO,-1.0,cluster_absent,NONE,0.0
2026-05-07T12:00:10.068779+00:00_PEPPERSTONE:ETHUSD_60_monitor_breakout,ETHUSD,60,SETUP_EM_OBSERVACAO,2.0,cluster_absent,NONE,0.0
2026-05-07T13:00:03.252441+00:00_VANTAGE:USOUSD_60_monitor_zone,USOUSD,60,INTRADAY_EM_OBSERVACAO,2.0,unclear,NONE,
2026-05-07T13:45:19.671811+00:00_PEPPERSTONE:ETHUSD_30_monitor_dynamic_bb_zone,ETHUSD,30,SETUP_CANDIDATO_FORTE,-1.0,unclear,NONE,
2026-05-07T14:30:05.151030+00:00_PEPPERSTONE:XAUUSD_30_monitor_zone,XAUUSD,30,SETUP_EM_OBSERVACAO,2.0,cluster_absent,NONE,0.0
2026-05-07T15:00:08.501190+00:00_PEPPERSTONE:ETHUSD_15_monitor_dynamic_line,ETHUSD,15,SETUP_CANDIDATO_FORTE,2.5,unclear,NONE,
2026-05-07T16:00:23.208946+00:00_PEPPERSTONE:XAUUSD_60_monitor_zone,XAUUSD,60,SETUP_EM_OBSERVACAO,1.84,cluster_absent,NONE,0.0
2026-05-07T16:30:10.984405+00:00_PEPPERSTONE:ETHUSD_15_monitor_dynamic_line,ETHUSD,15,SETUP_EM_OBSERVACAO,3.72,unclear,NONE,
2026-05-07T17:30:12.764371+00:00_PEPPERSTONE:XAUUSD_30_monitor_dynamic_bb_zone,XAUUSD,30,SETUP_EM_OBSERVACAO,-1.0,cluster_absent,NONE,0.0
2026-05-07T18:00:18.529817+00:00_PEPPERSTONE:ETHUSD_15_monitor_dynamic_line,ETHUSD,15,SETUP_EM_OBSERVACAO,-1.0,unclear,NONE,
2026-05-07T18:00:10.771564+00:00_PEPPERSTONE:XAUUSD_30_monitor_zone,XAUUSD,30,SETUP_EM_OBSERVACAO,-1.0,unclear,NONE,
2026-05-07T18:45:04.351983+00:00_PEPPERSTONE:ETHUSD_15_monitor_dynamic_line,ETHUSD,15,SETUP_EM_OBSERVACAO,2.75,unclear,NONE,
2026-05-07T19:00:14.330044+00:00_PEPPERSTONE:XPTUSD_60_monitor_zone,XPTUSD,60,SETUP_EM_OBSERVACAO,0.93,unclear,NONE,
2026-05-07T19:00:11.363549+00:00_PEPPERSTONE:XAUUSD_30_monitor_zone,XAUUSD,30,SETUP_EM_OBSERVACAO,0.24,unclear,NONE,
2026-05-07T19:00:15.686453+00:00_PEPPERSTONE:XPTUSD_30_monitor_zone,XPTUSD,30,NO_TRADE,1.25,cluster_absent,NONE,0.0
2026-05-07T21:00:00.685440+00:00_PEPPERSTONE:EURUSD_30_monitor_dynamic_bb_zone,EURUSD,30,SETUP_EM_OBSERVACAO,2.0,unclear,NONE,
2026-05-07T21:00:00.713196+00:00_PEPPERSTONE:XAGUSD_720_monitor_zone,XAGUSD,720,SETUP_EM_OBSERVACAO (invalidated),-1.0,unclear,NONE,
2026-05-07T21:00:00.690881+00:00_PEPPERSTONE:EURUSD_15_monitor_dynamic_line,EURUSD,15,SETUP_EM_OBSERVACAO,2.0,unclear,NONE,
2026-05-07T21:00:00.685948+00:00_PEPPERSTONE:ETHUSD_240_monitor_trendline_lta,ETHUSD,240,SETUP_EM_OBSERVACAO,-1.0,unclear,NONE,
2026-05-07T22:30:01.006378+00:00_PEPPERSTONE:XAUUSD_30_monitor_dynamic_bb_zone,XAUUSD,30,SETUP_CANDIDATO_FORTE,-1.0,unclear,NONE,
2026-05-07T23:30:02.481733+00:00_PEPPERSTONE:XAUUSD_30_monitor_dynamic_bb_zone,XAUUSD,30,SETUP_EM_OBSERVACAO,-1.0,cluster_absent,NONE,
2026-05-07T23:30:02.558798+00:00_PEPPERSTONE:XPTUSD_30_monitor_zone,XPTUSD,30,SETUP_EM_OBSERVACAO,-1.0,unclear,NONE,
2026-05-08T00:00:05.265414+00:00_PEPPERSTONE:XPTUSD_60_monitor_zone,XPTUSD,60,SETUP_EM_OBSERVACAO,-1.0,unclear,NONE,
2026-05-08T00:30:03.935030+00:00_PEPPERSTONE:XAUUSD_30_monitor_dynamic_bb_zone,XAUUSD,30,SETUP_EM_OBSERVACAO,2.0,unclear,NONE,
2026-05-08T02:00:10.644172+00:00_PEPPERSTONE:XPTUSD_240_monitor_zone,XPTUSD,240,SETUP_CANDIDATO_FORTE,2.0,cluster_absent,NONE,0.0
2026-05-08T04:00:14.913085+00:00_PEPPERSTONE:XAUUSD_60_monitor_zone,XAUUSD,60,SETUP_CANDIDATO_FORTE,-1.0,unclear,NONE,
2026-05-08T05:00:03.861549+00:00___,,,SETUP_EM_OBSERVACAO,0.0,unclear,NONE,
2026-05-08T06:00:15.437581+00:00_PEPPERSTONE:XAUUSD_60_monitor_zone,XAUUSD,60,SETUP_EM_OBSERVACAO,2.55,unclear,NONE,
2026-05-08T09:00:08.439315+00:00_PEPPERSTONE:EURUSD_30_monitor_dynamic_bb_zone,EURUSD,30,SETUP_CANDIDATO_FORTE,2.57,cluster_absent,NONE,0.0
2026-05-08T10:00:00.884371+00:00_PEPPERSTONE:XAUUSD_15_monitor_zone,XAUUSD,15,SETUP_EM_OBSERVACAO,1.94,unclear,NONE,
2026-05-08T11:00:11.256013+00:00_PEPPERSTONE:XAUUSD_60_monitor_zone,XAUUSD,60,INTRADAY_EM_OBSERVACAO,-1.0,cluster_absent,NONE,0.0
2026-05-08T13:30:04.150904+00:00_PEPPERSTONE:XPTUSD_30_monitor_zone,XPTUSD,30,SETUP_CANDIDATO_FORTE,1.0,cluster_present,NONE,
2026-05-08T15:30:13.372645+00:00_PEPPERSTONE:XPTUSD_30_monitor_zone,XPTUSD,30,SETUP_EM_OBSERVACAO,-1.0,unclear,NONE,
2026-05-08T15:45:01.808283+00:00_PEPPERSTONE:XAUUSD_15_monitor_zone,XAUUSD,15,SETUP_EM_OBSERVACAO,-1.0,unclear,NONE,
2026-05-08T16:00:15.166658+00:00_PEPPERSTONE:XPTUSD_60_monitor_zone,XPTUSD,60,SETUP_EM_OBSERVACAO,-1.0,unclear,NONE,
2026-05-08T17:00:16.221265+00:00_PEPPERSTONE:XAUUSD_15_monitor_zone,XAUUSD,15,SETUP_CANDIDATO_FORTE,-1.0,unclear,NONE,
2026-05-08T17:30:09.500380+00:00_PEPPERSTONE:ETHUSD_15_monitor_dynamic_line,ETHUSD,15,SETUP_EM_OBSERVACAO,-1.0,unclear,NONE,
2026-05-08T18:00:15.699741+00:00_PEPPERSTONE:XPTUSD_240_monitor_zone,XPTUSD,240,SETUP_EM_OBSERVACAO,2.0,unclear,NONE,
2026-05-08T18:00:00.681686+00:00_PEPPERSTONE:XAUUSD_60_monitor_zone,XAUUSD,60,SETUP_CANDIDATO_FORTE,2.08,cluster_present,NONE,
2026-05-08T20:15:02.001268+00:00_PEPPERSTONE:ETHUSD_30_monitor_dynamic_bb_zone,ETHUSD,30,SETUP_EM_OBSERVACAO,2.0,unclear,NONE,
2026-05-08T20:56:00.687500+00:00_PEPPERSTONE:ETHUSD_240_monitor_trendline_lta,ETHUSD,240,SETUP_EM_OBSERVACAO,1.0,unclear,NONE,
2026-05-08T22:30:04.787975+00:00_PEPPERSTONE:ETHUSD_30_monitor_dynamic_bb_zone,ETHUSD,30,SETUP_EM_OBSERVACAO,2.0,unclear,NONE,
2026-05-09T04:45:01.167396+00:00_PEPPERSTONE:ETHUSD_30_monitor_dynamic_bb_zone,ETHUSD,30,SETUP_CANDIDATO_FORTE,2.27,unclear,NONE,
2026-05-09T06:45:01.315568+00:00_PEPPERSTONE:ETHUSD_30_monitor_dynamic_bb_zone,ETHUSD,30,SETUP_CANDIDATO_FORTE,4.95,cluster_absent,NONE,
2026-05-09T08:00:03.408080+00:00_PEPPERSTONE:ETHUSD_30_monitor_dynamic_bb_zone,ETHUSD,30,SETUP_EM_OBSERVACAO,2.0,cluster_absent,NONE,
2026-05-09T09:15:03.351544+00:00_PEPPERSTONE:ETHUSD_30_monitor_dynamic_bb_zone,ETHUSD,30,SETUP_EM_OBSERVACAO,2.0,cluster_absent,NONE,
2026-05-09T13:00:06.998164+00:00_PEPPERSTONE:ETHUSD_30_monitor_dynamic_bb_zone,ETHUSD,30,SETUP_CANDIDATO_FORTE,2.0,cluster_absent,NONE,0.0
2026-05-09T13:30:02.929932+00:00_PEPPERSTONE:ETHUSD_30_monitor_dynamic_bb_zone,ETHUSD,30,SETUP_EM_OBSERVACAO,2.7,unclear,NONE,
2026-05-11T06:47:06.535413+00:00_PEPPERSTONE:ETHUSD_30_setup_watch_recheck,ETHUSD,30,SETUP_EM_OBSERVACAO,-1.0,unclear,NONE,
2026-05-11T06:47:06.532607+00:00_PEPPERSTONE:ETHUSD_30_setup_watch_recheck,ETHUSD,30,SETUP_EM_OBSERVACAO,-1.0,unclear,NONE,
2026-05-11T06:47:06.537153+00:00_PEPPERSTONE:ETHUSD_30_setup_watch_recheck,ETHUSD,30,SETUP_CANDIDATO_FORTE,-1.0,cluster_present,NONE,
2026-05-11T08:00:03.131580+00:00_VANTAGE:USOUSD_30_monitor_dynamic_bb_zone,USOUSD,30,SETUP_EM_OBSERVACAO,-1.0,cluster_absent,NONE,
2026-05-11T09:00:09.819219+00:00_VANTAGE:USOUSD_30_setup_watch_recheck,USOUSD,30,SETUP_EM_OBSERVACAO,-1.0,unclear,NONE,
2026-05-11T10:00:09.894314+00:00_PEPPERSTONE:XPTUSD_15_monitor_dynamic_bb_zone,XPTUSD,15,SETUP_EM_OBSERVACAO,9.45,unclear,NONE,
2026-05-11T12:30:08.740322+00:00_PEPPERSTONE:XAUUSD_30_monitor_dynamic_bb_zone,XAUUSD,30,SETUP_CANDIDATO_FORTE_INTRADAY,2.43,unclear,NONE,
2026-05-11T13:00:04.927765+00:00_PEPPERSTONE:XAUUSD_30_monitor_dynamic_bb_zone,XAUUSD,30,SETUP_CANDIDATO_FORTE_INTRADAY,-1.0,unclear,NONE,
2026-05-11T15:15:05.077662+00:00_PEPPERSTONE:XPTUSD_15_monitor_dynamic_bb_zone,XPTUSD,15,SETUP_CANDIDATO_FORTE,2.4,unclear,NONE,
2026-05-11T15:30:23.753163+00:00_PEPPERSTONE:XPTUSD_15_setup_watch_recheck,XPTUSD,15,SETUP_CANDIDATO_FORTE_INTRADAY (SHORT),6.29,unclear,NONE,
2026-05-11T15:30:53.793075+00:00_VANTAGE:USOUSD_30_setup_watch_recheck,USOUSD,30,SETUP_EM_OBSERVACAO (SHORT),-1.0,unclear,NONE,
2026-05-11T15:30:53.799536+00:00_PEPPERSTONE:XPTUSD_15_setup_watch_recheck,XPTUSD,15,SETUP_CANDIDATO_FORTE_INTRADAY (SHORT),3.0,unclear,NONE,
2026-05-11T15:45:07.829541+00:00_PEPPERSTONE:XPTUSD_15_monitor_dynamic_bb_zone,XPTUSD,15,SETUP_EM_OBSERVACAO,1.0,unclear,NONE,
2026-05-11T15:45:24.493293+00:00_VANTAGE:USOUSD_30_setup_watch_recheck,USOUSD,30,INTRADAY_EM_OBSERVACAO,-1.0,cluster_present,NONE,
2026-05-11T15:45:24.497284+00:00_PEPPERSTONE:XPTUSD_15_setup_watch_recheck,XPTUSD,15,SETUP_CANDIDATO_FORTE,2.0,cluster_present,TOP,
2026-05-11T16:00:25.280717+00:00_PEPPERSTONE:XPTUSD_15_setup_watch_recheck,XPTUSD,15,SETUP_CANDIDATO_FORTE,1.62,unclear,NONE,
2026-05-11T16:00:55.326332+00:00_PEPPERSTONE:XPTUSD_15_setup_watch_recheck,XPTUSD,15,SETUP_CANDIDATO_FORTE_INTRADAY,1.75,unclear,NONE,
2026-05-11T16:15:26.028174+00:00_PEPPERSTONE:XPTUSD_15_setup_watch_recheck,XPTUSD,15,SETUP_CANDIDATO_FORTE_INTRADAY,-1.0,unclear,NONE,
2026-05-11T16:30:26.905172+00:00_PEPPERSTONE:XPTUSD_15_setup_watch_recheck,XPTUSD,15,SETUP_CANDIDATO_FORTE_INTRADAY,-1.0,unclear,NONE,
2026-05-11T18:00:05.113982+00:00_VANTAGE:USOUSD_30_monitor_dynamic_bb_zone,USOUSD,30,SETUP_EM_OBSERVACAO,-1.0,unclear,NONE,
2026-05-11T20:00:03.938129+00:00_PEPPERSTONE:XAUUSD_30_monitor_dynamic_bb_zone,XAUUSD,30,SETUP_EM_OBSERVACAO,9.0,unclear,TOP,
2026-05-11T20:15:03.530228+00:00_PEPPERSTONE:XPTUSD_15_monitor_dynamic_bb_zone,XPTUSD,15,SETUP_CANDIDATO_FORTE,-1.0,unclear,NONE,
2026-05-11T20:30:41.203877+00:00_PEPPERSTONE:XAUUSD_30_setup_watch_recheck,XAUUSD,30,SETUP_CANDIDATO_FORTE_INTRADAY,2.0,unclear,NONE,
2026-05-11T20:31:11.254902+00:00_PEPPERSTONE:XAUUSD_30_setup_watch_recheck,XAUUSD,30,SETUP_EM_OBSERVACAO,-1.0,unclear,TOP,
2026-05-11T20:45:42.221842+00:00_PEPPERSTONE:XPTUSD_15_setup_watch_recheck,XPTUSD,15,INTRADAY_EM_OBSERVACAO,-1.0,unclear,NONE,
2026-05-11T20:45:42.215768+00:00_PEPPERSTONE:XAUUSD_30_setup_watch_recheck,XAUUSD,30,SETUP_CANDIDATO_FORTE_INTRADAY,-1.0,cluster_present,NONE,
2026-05-11T21:00:43.182034+00:00_PEPPERSTONE:XPTUSD_15_setup_watch_recheck,XPTUSD,15,SETUP_EM_OBSERVACAO,-1.0,unclear,NONE,
2026-05-11T21:00:43.175938+00:00_PEPPERSTONE:XAUUSD_30_setup_watch_recheck,XAUUSD,30,SETUP_EM_OBSERVACAO,2.0,unclear,NONE,
2026-05-11T21:01:13.224375+00:00_PEPPERSTONE:XAUUSD_30_setup_watch_recheck,XAUUSD,30,SETUP_EM_OBSERVACAO,2.0,unclear,NONE,
2026-05-11T21:30:45.220004+00:00_PEPPERSTONE:XAUUSD_30_setup_watch_recheck,XAUUSD,30,SETUP_EM_OBSERVACAO,-1.0,unclear,NONE,
2026-05-11T22:45:03.358697+00:00_PEPPERSTONE:XAUUSD_60_monitor_dynamic_bb_zone,XAUUSD,60,SETUP_EM_OBSERVACAO,2.0,unclear,NONE,
2026-05-11T23:00:20.632943+00:00_PEPPERSTONE:XAUUSD_60_setup_watch_recheck,XAUUSD,60,SETUP_EM_OBSERVACAO,2.0,cluster_present,NONE,
2026-05-11T23:00:50.664675+00:00_PEPPERSTONE:XAUUSD_60_setup_watch_recheck,XAUUSD,60,SETUP_CANDIDATO_FORTE_INTRADAY,0.0,cluster_absent,TOP,
2026-05-11T23:15:21.540077+00:00_PEPPERSTONE:XAUUSD_60_setup_watch_recheck,XAUUSD,60,SETUP_EM_OBSERVACAO,0.0,unclear,NONE,
2026-05-11T23:30:22.533145+00:00_PEPPERSTONE:XAUUSD_60_setup_watch_recheck,XAUUSD,60,SETUP_CANDIDATO_FORTE_INTRADAY,0.0,unclear,NONE,
2026-05-11T23:30:52.576219+00:00_PEPPERSTONE:XAUUSD_60_setup_watch_recheck,XAUUSD,60,SETUP_CANDIDATO_FORTE_INTRADAY,-1.0,unclear,NONE,
2026-05-11T23:45:23.411339+00:00_PEPPERSTONE:XAUUSD_60_setup_watch_recheck,XAUUSD,60,SETUP_CANDIDATO_FORTE_INTRADAY,-1.0,unclear,NONE,
2026-05-12T00:00:24.289315+00:00_PEPPERSTONE:XAUUSD_60_setup_watch_recheck,XAUUSD,60,SETUP_CANDIDATO_FORTE_INTRADAY,2.67,unclear,TOP,
2026-05-12T00:30:06.462629+00:00_PEPPERSTONE:XAUUSD_60_monitor_dynamic_bb_zone,XAUUSD,60,SETUP_CANDIDATO_FORTE_INTRADAY,2.54,unclear,TOP,
2026-05-12T00:45:27.005639+00:00_PEPPERSTONE:XAUUSD_60_setup_watch_recheck,XAUUSD,60,SETUP_CANDIDATO_FORTE_INTRADAY,2.21,unclear,TOP,
2026-05-12T01:00:27.976737+00:00_PEPPERSTONE:XAUUSD_60_setup_watch_recheck,XAUUSD,60,SETUP_CANDIDATO_FORTE_INTRADAY,0.0,cluster_present,NONE,
2026-05-12T01:00:58.017905+00:00_PEPPERSTONE:XAUUSD_60_setup_watch_recheck,XAUUSD,60,SETUP_CANDIDATO_FORTE_INTRADAY,0.0,unclear,NONE,
2026-05-12T01:15:29.045887+00:00_PEPPERSTONE:XAUUSD_60_setup_watch_recheck,XAUUSD,60,SETUP_CANDIDATO_FORTE_INTRADAY,0.0,unclear,TOP,
2026-05-12T01:31:00.086751+00:00_PEPPERSTONE:XAUUSD_60_setup_watch_recheck,XAUUSD,60,SETUP_CANDIDATO_FORTE_INTRADAY,2.2,unclear,NONE,
2026-05-12T02:00:31.602113+00:00_PEPPERSTONE:XPTUSD_60_setup_watch_recheck,XPTUSD,60,SETUP_EM_OBSERVACAO,-1.0,unclear,NONE,
2026-05-12T02:15:32.441472+00:00_PEPPERSTONE:XPTUSD_60_setup_watch_recheck,XPTUSD,60,SETUP_EM_OBSERVACAO,-1.0,unclear,NONE,
2026-05-12T02:30:33.459056+00:00_PEPPERSTONE:XPTUSD_60_setup_watch_recheck,XPTUSD,60,SETUP_EM_OBSERVACAO,-1.0,cluster_absent,NONE,
2026-05-12T02:45:34.508197+00:00_PEPPERSTONE:XPTUSD_60_setup_watch_recheck,XPTUSD,60,SETUP_CANDIDATO_FORTE,-1.0,unclear,NONE,
2026-05-12T02:45:03.484324+00:00_PEPPERSTONE:XAUUSD_30_monitor_dynamic_bb_zone,XAUUSD,30,SETUP_CANDIDATO_FORTE_INTRADAY,0.0,unclear,NONE,
2026-05-12T03:00:35.561187+00:00_PEPPERSTONE:XPTUSD_60_setup_watch_recheck,XPTUSD,60,SETUP_EM_OBSERVACAO,-1.0,unclear,NONE,
2026-05-12T03:00:35.570125+00:00_PEPPERSTONE:XPTUSD_60_setup_watch_recheck,XPTUSD,60,SETUP_EM_OBSERVACAO,-1.0,unclear,NONE,
2026-05-12T03:00:35.566248+00:00_PEPPERSTONE:XAUUSD_30_setup_watch_recheck,XAUUSD,30,SETUP_EM_OBSERVACAO,0.5,unclear,NONE,
2026-05-12T03:01:05.627962+00:00_PEPPERSTONE:XPTUSD_60_setup_watch_recheck,XPTUSD,60,SETUP_EM_OBSERVACAO,-1.0,cluster_absent,NONE,
2026-05-12T03:01:05.620626+00:00_PEPPERSTONE:XAUUSD_30_setup_watch_recheck,XAUUSD,30,SETUP_EM_OBSERVACAO,1.24,unclear,NONE,
2026-05-12T03:00:07.855163+00:00_PEPPERSTONE:XAGUSD_60_monitor_dynamic_bb_zone,XAGUSD,60,SETUP_CANDIDATO_FORTE,-1.0,unclear,TOP,
2026-05-12T03:15:36.706350+00:00_PEPPERSTONE:XAGUSD_60_setup_watch_recheck,XAGUSD,60,SETUP_CANDIDATO_FORTE,-1.0,unclear,TOP,
2026-05-12T03:15:36.695787+00:00_PEPPERSTONE:XAUUSD_30_setup_watch_recheck,XAUUSD,30,SETUP_EM_OBSERVACAO,0.0,unclear,NONE,
2026-05-12T03:30:37.794869+00:00_PEPPERSTONE:XPTUSD_60_setup_watch_recheck,XPTUSD,60,SETUP_EM_OBSERVACAO (INTRADAY_EM_OBSERVACAO),0.0,cluster_present,NONE,
2026-05-12T03:30:37.787370+00:00_PEPPERSTONE:XAUUSD_30_setup_watch_recheck,XAUUSD,30,SETUP_EM_OBSERVACAO,0.0,unclear,NONE,
2026-05-12T03:30:03.493311+00:00_PEPPERSTONE:XAUUSD_30_monitor_dynamic_bb_zone,XAUUSD,30,SETUP_EM_OBSERVACAO_INTRADAY,0.8,cluster_absent,NONE,
2026-05-12T04:00:04.671648+00:00_PEPPERSTONE:ETHUSD_30_monitor_dynamic_bb_zone,ETHUSD,30,SETUP_CANDIDATO_FORTE_INTRADAY,-1.0,unclear,NONE,
2026-05-12T04:00:40.041039+00:00_PEPPERSTONE:XAGUSD_60_setup_watch_recheck,XAGUSD,60,SETUP_CANDIDATO_FORTE_INTRADAY,-1.0,unclear,NONE,
2026-05-12T04:15:41.157417+00:00_PEPPERSTONE:ETHUSD_30_setup_watch_recheck,ETHUSD,30,SETUP_EM_OBSERVACAO,-1.0,unclear,NONE,
2026-05-12T04:30:42.235697+00:00_PEPPERSTONE:XAGUSD_60_setup_watch_recheck,XAGUSD,60,SETUP_CANDIDATO_FORTE_INTRADAY,-1.0,cluster_present,NONE,
