exit_idx,exit,r,bars,outcome,entry_time,entry,stop,R_dollars,strategy
83,97639.50826580671,-1.0,14,stop,2025-01-03 18:00:00,98480.6,97639.50826580671,841.0917341932945,BTC_INTRA_1H_decisive_body60_target4.0R
155,100804.0,-0.6567113165066586,20,timeout,2025-01-06 15:00:00,102142.0,100104.57508227904,2037.4249177209567,BTC_INTRA_1H_decisive_body60_target4.0R
354,99129.1,0.06861157860057772,20,timeout,2025-01-15 13:00:00,98955.6,96426.87229049735,2528.727709502651,BTC_INTRA_1H_decisive_body60_target4.0R
384,104036.0,2.521318622331515,20,timeout,2025-01-16 19:00:00,100390.0,98943.93127718683,1446.068722813172,BTC_INTRA_1H_decisive_body60_target4.0R
395,103466.87396677554,-1.0,10,stop,2025-01-17 16:00:00,105019.0,103466.87396677554,1552.1260332244565,BTC_INTRA_1H_decisive_body60_target4.0R
455,101248.28198805205,-1.0,11,stop,2025-01-20 06:00:00,107267.0,101248.28198805205,6018.718011947945,BTC_INTRA_1H_decisive_body60_target4.0R
544,105409.0,0.06646413848606374,20,timeout,2025-01-23 14:00:00,105159.0,101397.57307572835,3761.4269242716546,BTC_INTRA_1H_decisive_body60_target4.0R
717,104108.10994496717,-1.0,3,stop,2025-01-31 15:00:00,105463.0,104108.10994496717,1354.8900550328253,BTC_INTRA_1H_decisive_body60_target4.0R
1916,87314.85335415587,4.0,19,target,2025-03-23 13:00:00,85063.4,84500.53666146102,562.8633385389694,BTC_INTRA_1H_decisive_body60_target4.0R
1922,87787.3,0.0,4,stop,2025-03-24 10:00:00,87787.3,86901.19471651196,886.1052834880393,BTC_INTRA_1H_decisive_body60_target4.0R
2418,83846.63258065707,-1.0,1,stop,2025-04-14 14:00:00,85394.3,83846.63258065707,1547.6674193429353,BTC_INTRA_1H_decisive_body60_target4.0R
2468,83409.02384866914,-1.0,3,stop,2025-04-16 14:00:00,84567.39,83409.02384866914,1158.3661513308616,BTC_INTRA_1H_decisive_body60_target4.0R
2570,87458.30618481575,4.0,6,target,2025-04-20 20:00:00,85043.2,84439.42345379606,603.7765462039388,BTC_INTRA_1H_decisive_body60_target4.0R
2585,86672.58375022835,-1.0,3,stop,2025-04-21 14:00:00,88278.38,86672.58375022835,1605.7962497716508,BTC_INTRA_1H_decisive_body60_target4.0R
2625,93920.6,2.2654955591280475,20,timeout,2025-04-22 13:00:00,90270.14,88658.81042343486,1611.329576565142,BTC_INTRA_1H_decisive_body60_target4.0R
2698,94092.10417813009,-1.0,20,stop,2025-04-25 14:00:00,95480.72,94092.10417813009,1388.615821869913,BTC_INTRA_1H_decisive_body60_target4.0R
2839,96935.66,0.048436516886976824,20,timeout,2025-05-01 14:00:00,96867.64,95463.32762636826,1404.3123736317357,BTC_INTRA_1H_decisive_body60_target4.0R
2855,96439.62556104826,-1.0,12,stop,2025-05-02 14:00:00,97753.36,96439.62556104826,1313.7344389517384,BTC_INTRA_1H_decisive_body60_target4.0R
2966,95779.4770286789,-1.0,20,stop,2025-05-06 23:00:00,96823.03,95779.4770286789,1043.5529713211,BTC_INTRA_1H_decisive_body60_target4.0R
2991,102770.49409881202,4.0,20,target,2025-05-08 00:00:00,97793.91,96549.763975297,1244.1460247030045,BTC_INTRA_1H_decisive_body60_target4.0R
3061,104376.13,-0.2855379153364546,20,timeout,2025-05-10 23:00:00,104800.0,103315.53864746634,1484.4613525336608,BTC_INTRA_1H_decisive_body60_target4.0R
3171,103702.63,0.21981681611969572,20,timeout,2025-05-15 15:00:00,103321.36,101586.87031567852,1734.489684321481,BTC_INTRA_1H_decisive_body60_target4.0R
3263,105054.74,0.45226888812730764,20,timeout,2025-05-19 14:00:00,104339.87,102759.23949729165,1580.6305027083436,BTC_INTRA_1H_decisive_body60_target4.0R
3292,109016.54,0.8224838956723235,20,timeout,2025-05-20 19:00:00,107087.97,104743.15813177063,2344.8118682293716,BTC_INTRA_1H_decisive_body60_target4.0R
3324,111727.06,-0.04238545575094056,20,timeout,2025-05-22 03:00:00,111813.53,109773.44340737011,2040.0865926298866,BTC_INTRA_1H_decisive_body60_target4.0R
3412,109126.98,-0.04117224476872198,20,timeout,2025-05-25 22:00:00,109217.76,107012.87657647184,2204.883423528154,BTC_INTRA_1H_decisive_body60_target4.0R
3753,109362.58,2.7033693455364185,20,timeout,2025-06-09 09:00:00,106668.85,105672.41567834593,996.4343216540728,BTC_INTRA_1H_decisive_body60_target4.0R
3814,107403.65052793824,-1.0,1,stop,2025-06-12 17:00:00,108297.25,107403.65052793824,893.59947206176,BTC_INTRA_1H_decisive_body60_target4.0R
3911,108025.18670302254,-1.0,3,stop,2025-06-16 19:00:00,108677.96,108025.18670302254,652.7732969774661,BTC_INTRA_1H_decisive_body60_target4.0R
4209,107930.75389225743,-1.0,3,stop,2025-06-29 11:00:00,108478.95,107930.75389225743,548.1961077425658,BTC_INTRA_1H_decisive_body60_target4.0R
4225,108080.57148525186,-1.0,6,stop,2025-06-30 00:00:00,108739.82,108080.57148525186,659.2485147481493,BTC_INTRA_1H_decisive_body60_target4.0R
4283,108801.08,0.0,1,stop,2025-07-02 15:00:00,108801.08,107929.18294035742,871.8970596425788,BTC_INTRA_1H_decisive_body60_target4.0R
4321,108852.29555961829,-1.0,17,stop,2025-07-03 13:00:00,110322.14,108852.29555961829,1469.844440381712,BTC_INTRA_1H_decisive_body60_target4.0R
4471,111463.48,-0.11586545599267592,20,timeout,2025-07-09 19:00:00,111759.5,109204.64016309817,2554.859836901829,BTC_INTRA_1H_decisive_body60_target4.0R
4492,117892.57,3.1721284050564504,20,timeout,2025-07-10 16:00:00,112744.36,111121.40867438732,1622.951325612681,BTC_INTRA_1H_decisive_body60_target4.0R
4563,120786.22506582654,-1.0,9,stop,2025-07-14 05:00:00,122490.19,120786.22506582654,1703.964934173462,BTC_INTRA_1H_decisive_body60_target4.0R
4726,118041.67008200212,-1.0,6,stop,2025-07-21 06:00:00,119240.47,118041.67008200212,1198.7999179978797,BTC_INTRA_1H_decisive_body60_target4.0R
4811,117507.74201064892,-1.0,11,stop,2025-07-24 14:00:00,119105.96,117507.74201064892,1598.217989351091,BTC_INTRA_1H_decisive_body60_target4.0R
4920,117814.39761160787,-1.0,11,stop,2025-07-29 03:00:00,118766.04,117814.39761160787,951.6423883921234,BTC_INTRA_1H_decisive_body60_target4.0R
4948,117305.20992214455,-1.0,4,stop,2025-07-30 14:00:00,118727.99,117305.20992214455,1422.780077855452,BTC_INTRA_1H_decisive_body60_target4.0R
5213,119329.64,0.514710257844467,20,timeout,2025-08-10 03:00:00,118553.74,117046.28995762208,1507.4500423779245,BTC_INTRA_1H_decisive_body60_target4.0R
5216,119981.9,0.0,1,stop,2025-08-11 01:00:00,119981.9,118740.03662054363,1241.8633794563648,BTC_INTRA_1H_decisive_body60_target4.0R
5292,121787.97,0.0,17,stop,2025-08-13 13:00:00,121787.97,119786.89707755273,2001.0729224472743,BTC_INTRA_1H_decisive_body60_target4.0R
5828,111490.53,0.0,16,stop,2025-09-04 22:00:00,111490.53,110202.97694250634,1287.5530574936565,BTC_INTRA_1H_decisive_body60_target4.0R
5900,112078.96,0.0,5,stop,2025-09-08 09:00:00,112078.96,111373.11912750895,705.840872491055,BTC_INTRA_1H_decisive_body60_target4.0R
5924,111905.23769140738,-1.0,8,stop,2025-09-09 06:00:00,113016.66,111905.23769140738,1111.4223085926205,BTC_INTRA_1H_decisive_body60_target4.0R
5966,114081.24,0.5001186042474427,20,timeout,2025-09-10 12:00:00,113408.12,112062.19926383204,1345.9207361679582,BTC_INTRA_1H_decisive_body60_target4.0R
5985,115126.0,0.0,5,stop,2025-09-11 22:00:00,115126.0,114214.99057569691,911.0094243030908,BTC_INTRA_1H_decisive_body60_target4.0R
6020,115858.02,-0.7066836920945873,20,timeout,2025-09-12 18:00:00,116541.92,115574.16029696661,967.7597030333854,BTC_INTRA_1H_decisive_body60_target4.0R
6061,115849.49461219613,-1.0,2,stop,2025-09-15 05:00:00,116536.75,115849.49461219613,687.2553878038743,BTC_INTRA_1H_decisive_body60_target4.0R
6114,116127.3312999197,-1.0,7,stop,2025-09-17 05:00:00,117156.4,116127.3312999197,1029.068700080301,BTC_INTRA_1H_decisive_body60_target4.0R
6144,117881.31,1.5320077908508376,20,timeout,2025-09-17 22:00:00,116617.94,115793.29014668669,824.6498533133126,BTC_INTRA_1H_decisive_body60_target4.0R
6453,117487.37,3.280578986347561,20,timeout,2025-09-30 19:00:00,114375.58,113427.03097467551,948.5490253244934,BTC_INTRA_1H_decisive_body60_target4.0R
6477,118665.82,0.0,16,stop,2025-10-01 23:00:00,118665.82,117432.95480611407,1232.8651938859402,BTC_INTRA_1H_decisive_body60_target4.0R
6521,122051.54,-0.15341202481609506,20,timeout,2025-10-03 15:00:00,122348.48,120412.90812839499,1935.5718716050033,BTC_INTRA_1H_decisive_body60_target4.0R
6556,123269.9,-0.42244726571556923,20,timeout,2025-10-05 02:00:00,124098.09,122137.63228796543,1960.4577120345639,BTC_INTRA_1H_decisive_body60_target4.0R
6579,124738.33141808565,-1.0,3,stop,2025-10-06 18:00:00,126102.75,124738.33141808565,1364.4185819143459,BTC_INTRA_1H_decisive_body60_target4.0R
6631,122573.2221702723,-1.0,8,stop,2025-10-08 17:00:00,124049.04,122573.2221702723,1475.81782972769,BTC_INTRA_1H_decisive_body60_target4.0R
7065,115552.07,2.0801466913317843,20,timeout,2025-10-26 11:00:00,113305.75,112225.86462010795,1079.8853798920463,BTC_INTRA_1H_decisive_body60_target4.0R
7842,91059.87652830064,-1.0,3,stop,2025-11-28 13:00:00,92366.2,91059.87652830064,1306.323471699361,BTC_INTRA_1H_decisive_body60_target4.0R
8123,92101.56,-0.21530489850194443,20,timeout,2025-12-09 15:00:00,92705.16,89901.6938262169,2803.4661737831048,BTC_INTRA_1H_decisive_body60_target4.0R
8157,91813.31,0.0,1,stop,2025-12-11 20:00:00,91813.31,90416.31150191075,1396.9984980892477,BTC_INTRA_1H_decisive_body60_target4.0R
8678,89061.57,0.0,6,stop,2026-01-02 08:00:00,89061.57,88513.87586492741,547.6941350725974,BTC_INTRA_1H_decisive_body60_target4.0R
8700,89976.6,-0.2359583520304445,20,timeout,2026-01-02 16:00:00,90322.68,88855.98048704809,1466.6995129519055,BTC_INTRA_1H_decisive_body60_target4.0R
8750,92376.27,0.0,14,stop,2026-01-05 00:00:00,92376.27,91283.1587329701,1093.1112670299044,BTC_INTRA_1H_decisive_body60_target4.0R
8771,93808.34,-0.12071071167053987,20,timeout,2026-01-05 15:00:00,93938.89,92857.37868925305,1081.5113107469515,BTC_INTRA_1H_decisive_body60_target4.0R
8963,94750.35,0.831191259562339,20,timeout,2026-01-13 15:00:00,93369.78,91708.82653818552,1660.9534618144826,BTC_INTRA_1H_decisive_body60_target4.0R
8986,96772.57,0.14705092668123831,20,timeout,2026-01-14 14:00:00,96493.76,94597.75018698884,1896.0098130111583,BTC_INTRA_1H_decisive_body60_target4.0R
10156,72823.45,0.7874014460482037,20,timeout,2026-03-04 08:00:00,71004.48,68694.38772225652,2310.0922777434753,BTC_INTRA_1H_decisive_body60_target4.0R
10306,69584.99,-0.7214399204490607,20,timeout,2026-03-10 14:00:00,71475.19,68855.15200872355,2620.0379912764474,BTC_INTRA_1H_decisive_body60_target4.0R
10414,72108.66,0.0,1,stop,2026-03-15 21:00:00,72108.66,71421.58839655518,687.0716034448269,BTC_INTRA_1H_decisive_body60_target4.0R
10985,71870.29,2.2660524423484008,20,timeout,2026-04-07 21:00:00,69926.08,69068.10779968096,857.97220031904,BTC_INTRA_1H_decisive_body60_target4.0R
11027,72140.56,-0.007392796926037667,20,timeout,2026-04-09 15:00:00,72151.79,70632.74381053366,1519.0461894663313,BTC_INTRA_1H_decisive_body60_target4.0R
11121,74530.13,2.7665425399181345,20,timeout,2026-04-13 13:00:00,71642.14,70598.24135816474,1043.8986418352579,BTC_INTRA_1H_decisive_body60_target4.0R
11173,74099.48305525773,-1.0,18,stop,2026-04-15 19:00:00,74986.26,74099.48305525773,886.7769447422615,BTC_INTRA_1H_decisive_body60_target4.0R
11198,77927.99,2.590923733507507,20,timeout,2026-04-16 18:00:00,75034.98,73918.38595958664,1116.594040413358,BTC_INTRA_1H_decisive_body60_target4.0R
11289,75916.95,0.0,19,stop,2026-04-20 17:00:00,75916.95,74998.68985119389,918.2601488061046,BTC_INTRA_1H_decisive_body60_target4.0R
11323,78619.54,0.5827672609294461,20,timeout,2026-04-22 02:00:00,77612.45,75884.33301828451,1728.1169817154878,BTC_INTRA_1H_decisive_body60_target4.0R
11418,78271.96,0.0,3,stop,2026-04-26 18:00:00,78271.96,77852.25473404452,419.7052659554902,BTC_INTRA_1H_decisive_body60_target4.0R
11599,78153.93145050717,-1.0,9,stop,2026-05-04 01:00:00,79743.76,78153.93145050717,1589.8285494928277,BTC_INTRA_1H_decisive_body60_target4.0R
11771,80403.62845540498,-1.0,16,stop,2026-05-10 22:00:00,82027.84,80403.62845540498,1624.2115445950185,BTC_INTRA_1H_decisive_body60_target4.0R
11791,80532.27769418721,-1.0,19,stop,2026-05-11 15:00:00,81392.83,80532.27769418721,860.5523058127874,BTC_INTRA_1H_decisive_body60_target4.0R
