strategy,n,total_r_net,avg_r_net,win_rate,pf_net,max_losing_streak,r_no_top5_net,r_no_top10_net,trades_per_week,trades_per_month
XAU_1H_body60+HTF1D+HTF4H_target3.0R,126,28.82,0.2287,0.444,1.62,9,14.07,-0.29,1.06,4.55
XAU_1H_body60+HTF1D+HTF4H_target2.5R,127,27.0,0.2126,0.449,1.57,9,14.75,2.5,1.07,4.58
XAU_1H_base_decisive_body60_r12_target3.0R,130,26.7,0.2054,0.438,1.54,9,11.95,-2.4,1.1,4.69
XAU_1H_base_decisive_body60_r12_target2.5R,131,26.3,0.2008,0.443,1.52,9,14.05,1.8,1.1,4.73
XAU_1H_body60+HTF1D+HTF4H_target4.0R,125,25.39,0.2031,0.44,1.54,9,8.44,-3.61,1.05,4.51
XAU_1H_base_decisive_body60_r12_target4.0R,129,23.28,0.1804,0.434,1.47,9,6.33,-5.72,1.09,4.66
XAU_1H_body60+HTF1D+HTF4H_target2.0R,131,19.89,0.1518,0.443,1.39,9,10.14,0.39,1.1,4.73
XAU_1H_base_decisive_body60_r12_target2.0R,135,18.69,0.1384,0.437,1.35,9,8.94,-0.81,1.14,4.87
XAU_1H_+HTF1D+HTF12H+HTF4H_target2.5R,82,13.95,0.1701,0.439,1.47,12,1.7,-8.09,0.69,2.96
XAU_1H_+HTF1D_target2.5R,82,13.95,0.1701,0.439,1.47,12,1.7,-8.09,0.69,2.96
XAU_1H_+HTF1D+HTF12H_target2.5R,82,13.95,0.1701,0.439,1.47,12,1.7,-8.09,0.69,2.96
XAU_1H_+HTF1D+HTF4H_target2.5R,82,13.95,0.1701,0.439,1.47,12,1.7,-8.09,0.69,2.96
XAU_1H_+HTF1D+HTF12H_target2.0R,83,13.0,0.1566,0.446,1.43,9,3.25,-6.5,0.7,3.0
XAU_1H_+HTF1D+HTF12H+HTF4H_target2.0R,83,13.0,0.1566,0.446,1.43,9,3.25,-6.5,0.7,3.0
XAU_1H_+HTF1D+HTF4H_target2.0R,83,13.0,0.1566,0.446,1.43,9,3.25,-6.5,0.7,3.0
XAU_1H_+HTF1D_target2.0R,83,13.0,0.1566,0.446,1.43,9,3.25,-6.5,0.7,3.0
XAU_1H_+HTF1D+HTF4H_target4.0R,81,12.34,0.1524,0.432,1.41,12,-0.6,-9.9,0.68,2.92
XAU_1H_+HTF1D_target4.0R,81,12.34,0.1524,0.432,1.41,12,-0.6,-9.9,0.68,2.92
XAU_1H_+HTF1D+HTF12H_target4.0R,81,12.34,0.1524,0.432,1.41,12,-0.6,-9.9,0.68,2.92
XAU_1H_+HTF1D+HTF12H+HTF4H_target4.0R,81,12.34,0.1524,0.432,1.41,12,-0.6,-9.9,0.68,2.92
XAU_1H_+HTF1D+HTF4H_target3.0R,82,12.0,0.1463,0.427,1.4,12,-0.65,-9.95,0.69,2.96
XAU_1H_+HTF1D+HTF12H_target3.0R,82,12.0,0.1463,0.427,1.4,12,-0.65,-9.95,0.69,2.96
XAU_1H_+HTF1D_target3.0R,82,12.0,0.1463,0.427,1.4,12,-0.65,-9.95,0.69,2.96
XAU_1H_+HTF1D+HTF12H+HTF4H_target3.0R,82,12.0,0.1463,0.427,1.4,12,-0.65,-9.95,0.69,2.96
XAU_1H_base_decisive_target2.5R,84,11.85,0.1411,0.429,1.37,12,-0.4,-10.19,0.71,3.03
XAU_1H_base_decisive_target2.0R,85,10.9,0.1282,0.435,1.33,9,1.15,-8.6,0.72,3.07
XAU_1H_base_decisive_target4.0R,83,10.24,0.1234,0.422,1.32,12,-2.7,-12.0,0.7,3.0
XAU_1H_base_decisive_target3.0R,84,9.9,0.1178,0.417,1.31,12,-2.75,-12.05,0.71,3.03
XAU_1H_+HTF1D+session_target3.0R,59,5.34,0.0905,0.424,1.24,7,-5.87,-12.64,0.5,2.13
XAU_1H_+HTF1D+session_target2.0R,59,5.01,0.0849,0.424,1.23,7,-4.74,-12.43,0.5,2.13
XAU_1H_+HTF1D+session_target2.5R,59,4.81,0.0815,0.424,1.22,7,-5.87,-12.64,0.5,2.13
XAU_1H_+HTF1D+session_target4.0R,59,4.64,0.0786,0.424,1.21,7,-5.87,-12.64,0.5,2.13
XAU_1H_+HTF1D+ADX25_target2.0R,45,1.96,0.0436,0.356,1.11,8,-7.79,-14.53,0.38,1.62
XAU_1H_+HTF1D+ADX25_target2.5R,45,0.34,0.0076,0.333,1.02,9,-10.14,-15.39,0.38,1.62
XAU_1H_+HTF1D+HTF4H+ADX25+session_target2.0R,33,-1.53,-0.0464,0.333,0.89,7,-9.92,-13.31,0.28,1.19
XAU_1H_+HTF1D+HTF4H+ADX25+session_target4.0R,33,-2.12,-0.0642,0.333,0.84,7,-9.92,-13.31,0.28,1.19
XAU_1H_+HTF1D+HTF4H+ADX25+session_target3.0R,33,-2.12,-0.0642,0.333,0.84,7,-9.92,-13.31,0.28,1.19
XAU_1H_+HTF1D+ADX25_target3.0R,45,-2.13,-0.0473,0.311,0.88,9,-11.49,-16.15,0.38,1.62
XAU_1H_+HTF1D+ADX25_target4.0R,45,-2.13,-0.0473,0.311,0.88,9,-11.49,-16.15,0.38,1.62
XAU_1H_+HTF1D+HTF4H+ADX25+session_target2.5R,33,-2.15,-0.0651,0.333,0.84,7,-9.92,-13.31,0.28,1.19
XAU_1H_PULLBACK_EMA50_RSI_reclaim+HTF1D_target4.0R,88,-4.81,-0.0547,0.216,0.89,13,-22.87,-34.32,0.81,3.49
XAU_1H_PULLBACK_EMA50_RSI_reclaim+HTF1D_target3.0R,88,-8.12,-0.0923,0.216,0.81,13,-22.87,-34.32,0.81,3.49
XAU_1H_PULLBACK_EMA50_RSI_reclaim+HTF1D_target2.5R,88,-10.99,-0.1249,0.216,0.74,13,-23.24,-34.32,0.81,3.49
XAU_1H_PULLBACK_EMA50_RSI_reclaim+HTF1D_target2.0R,88,-11.97,-0.136,0.227,0.72,13,-21.72,-31.47,0.81,3.49
