t,d,out,regime_csv,macro,S1_pos384,S1_pos96,S1_ratio,S1_net384_atr,S2a_px1d_atr,S2b_dist_prev_ep_bot,S2b_dist_prev_rng_bot,S3_n_bounces,S3_n_desc_peaks,S3_peak_trend_down,s4_covered,s4_age_bars,s4_same_episode,s4_n_retests,S5_pos_in_range,F_S1,F_S2a,F_S3,F_S4,F_S5,F_S2b
1754008200,2025-08-01,0,RANGE,RANGE,0.32,0.38,1.0,-15.3,-14.7,15.9,57.6,3,2,1,0,,,,0.24,0,0,0,0,0,0
1754013600,2025-08-01,1,RANGE,RANGE,0.3,0.29,1.0,-9.5,-10.4,10.3,38.7,3,2,1,0,,,,0.23,0,0,0,0,0,0
1754344800,2025-08-04,0,RANGE,RANGE,0.91,0.74,0.13,26.4,17.7,68.6,134.8,1,0,0,0,,,,0.67,1,0,0,0,1,0
1754372700,2025-08-05,0,RANGE,RANGE,0.9,0.66,0.15,20.7,12.0,52.6,103.9,2,1,1,0,,,,0.66,1,0,0,0,1,0
1754378100,2025-08-05,0,RANGE,RANGE,0.9,0.67,0.17,15.1,9.7,42.5,83.7,3,2,1,0,,,,0.66,1,0,0,0,1,0
1754396100,2025-08-05,1,RANGE,RANGE,0.79,0.31,0.3,7.5,3.9,28.2,58.7,4,0,0,0,,,,0.59,1,0,0,0,1,0
1754433000,2025-08-05,0,RANGE,RANGE,0.91,0.74,0.11,44.9,19.5,74.9,144.7,0,0,0,0,,,,0.69,1,0,0,0,1,0
1754460000,2025-08-06,0,RANGE,RANGE,0.86,0.63,0.18,31.0,10.5,50.0,98.0,1,0,0,0,,,,0.67,1,0,0,0,1,0
1754484300,2025-08-06,1,RANGE,RANGE,0.79,0.43,0.3,14.8,4.9,31.5,63.7,3,2,1,0,,,,0.63,1,0,0,0,1,0
1754655300,2025-08-08,0,RANGE,RANGE,0.77,0.6,0.47,6.6,7.4,27.7,50.9,2,1,1,0,,,,0.77,1,0,0,0,1,0
1754677800,2025-08-08,0,RANGE,RANGE,0.79,0.61,0.55,2.7,5.8,21.2,38.9,3,2,1,0,,,,0.77,1,0,0,0,1,0
1755114300,2025-08-13,0,RANGE,RANGE,0.35,0.55,1.0,-11.7,-0.7,40.3,85.2,9,5,1,0,,,,0.58,0,0,0,0,1,0
1755153900,2025-08-14,0,RANGE,RANGE,0.42,0.56,1.0,-8.9,0.7,38.8,80.4,5,4,1,0,,,,0.6,0,0,0,0,1,0
1755287100,2025-08-15,0,RANGE,RANGE,0.21,0.41,1.0,-5.1,-9.1,45.7,106.9,3,2,1,0,,,,0.48,0,0,0,0,1,0
1755555300,2025-08-18,0,RANGE,RANGE,0.2,0.3,1.0,-9.6,-13.0,60.2,145.2,4,0,0,0,,,,0.45,0,0,0,0,1,0
1755562500,2025-08-19,0,RANGE,RANGE,0.27,0.39,1.0,-4.7,-6.0,39.7,93.8,4,0,0,0,,,,0.47,0,0,0,0,1,0
1755761400,2025-08-21,0,RANGE,RANGE,0.61,0.61,1.0,-0.9,-3.1,38.1,88.3,6,2,1,0,,,,0.49,0,0,0,0,1,0
1755777600,2025-08-21,0,RANGE,RANGE,0.64,0.6,1.0,-0.0,-1.6,23.7,54.6,6,2,1,0,,,,0.49,0,0,0,0,1,0
1755814500,2025-08-21,0,RANGE,RANGE,0.61,0.56,1.0,2.6,-4.8,62.5,144.9,6,2,1,0,,,,0.49,0,0,0,0,1,0
1755823500,2025-08-22,0,RANGE,RANGE,0.6,0.63,1.0,0.3,-4.1,53.0,123.4,6,2,1,0,,,,0.48,0,0,0,0,1,0
1755846000,2025-08-22,0,RANGE,RANGE,0.46,0.34,1.0,-4.4,-5.6,35.4,85.9,6,2,1,0,,,,0.45,0,0,0,0,1,0
1756079100,2025-08-24,0,RANGE,RANGE,0.86,0.83,0.19,17.5,9.5,58.4,117.4,1,0,0,0,,,,0.64,1,0,0,0,1,0
1756090800,2025-08-25,0,RANGE,RANGE,0.82,0.79,0.29,11.7,5.6,43.2,87.8,2,1,1,0,,,,0.62,1,0,0,0,1,0
1756275300,2025-08-27,0,RANGE,RANGE,0.82,0.51,0.28,16.0,10.5,54.5,104.7,1,0,0,0,,,,0.7,1,0,0,0,1,0
1756280700,2025-08-27,1,RANGE,RANGE,0.83,0.53,0.28,13.2,8.4,43.2,82.8,2,1,1,0,,,,0.7,1,0,0,0,1,0
1756447200,2025-08-29,0,RANGE,RANGE,0.84,0.67,0.23,22.8,21.4,74.4,130.4,2,1,1,0,,,,0.86,1,0,0,0,1,0
1756453500,2025-08-29,0,RANGE,RANGE,0.85,0.63,0.23,19.0,20.5,70.6,123.5,3,2,1,0,,,,0.86,1,0,0,0,1,0
1756467900,2025-08-29,1,RANGE,RANGE,0.83,0.57,0.26,18.8,19.9,69.8,122.7,4,0,0,0,,,,0.85,1,0,0,0,1,0
1756809000,2025-09-02,1,BULL,BULL,0.81,0.41,0.29,19.5,18.1,44.7,44.7,1,0,0,0,,,,,1,0,0,0,0,0
1756946700,2025-09-04,0,BULL,BULL,0.9,0.67,0.15,32.2,32.2,69.2,69.2,1,0,0,0,,,,,1,0,0,0,0,0
1756966500,2025-09-04,1,BULL,BULL,0.77,0.39,0.39,17.7,17.7,42.0,42.0,2,0,0,0,,,,,1,0,0,0,0,0
1757375100,2025-09-08,1,BULL,BULL,0.91,0.83,0.14,34.1,57.4,124.5,124.5,1,0,0,0,,,,,1,0,0,0,0,0
1757546100,2025-09-10,0,BULL,BULL,0.76,0.6,0.41,30.5,49.1,124.7,124.7,2,1,1,0,,,,,1,0,0,0,0,0
1757572200,2025-09-11,0,BULL,BULL,0.71,0.39,0.42,20.9,32.9,94.7,94.7,2,1,1,0,,,,,1,0,0,0,0,0
1757901600,2025-09-15,1,BULL,BULL,0.45,0.47,1.0,1.5,24.4,91.0,91.0,4,1,1,0,,,,,0,0,0,0,0,0
1758683700,2025-09-24,0,BULL,BULL,0.82,0.45,0.25,17.2,26.3,98.7,98.7,4,1,1,0,,,,,1,0,0,0,0,0
1759236300,2025-09-30,1,BULL,BULL,0.66,0.33,0.51,6.8,19.3,79.6,79.6,1,0,0,0,,,,,0,0,0,0,0,0
1759347000,2025-10-01,0,BULL,BULL,0.84,0.49,0.24,29.3,37.8,137.1,137.1,2,1,1,0,,,,,1,0,0,0,0,0
1759367700,2025-10-02,0,BULL,BULL,0.81,0.26,0.26,22.0,28.9,117.7,117.7,3,2,1,0,,,,,1,0,0,0,0,0
1759972500,2025-10-09,0,BULL,BULL,0.87,0.63,0.26,16.9,20.9,75.8,75.8,2,1,1,0,,,,,1,0,0,0,0,0
1760724900,2025-10-17,0,BULL,BULL,0.53,0.3,0.67,7.9,13.9,52.4,52.4,2,1,1,0,,,,,0,0,0,0,0,0
1761029100,2025-10-21,0,BULL,BULL,0.82,0.76,0.3,19.8,34.2,130.1,130.1,2,1,1,0,,,,,1,0,0,0,0,0
1761138000,2025-10-22,0,BEAR,BEAR,0.16,0.24,1.0,-7.3,0.3,26.1,36.0,5,4,1,0,,,,,0,1,1,0,0,1
1761150600,2025-10-22,0,BEAR,BEAR,0.12,0.3,1.0,-8.5,-0.4,26.3,36.5,5,4,1,0,,,,,0,0,1,0,0,1
1761309000,2025-10-24,0,BEAR,BEAR,0.21,0.36,1.0,-16.8,1.6,58.9,80.3,5,4,1,0,,,,,0,1,1,0,0,1
1761526800,2025-10-27,0,BEAR,BEAR,0.23,0.46,1.0,-17.2,1.2,39.4,53.6,5,4,1,0,,,,,0,1,1,0,0,1
1761542100,2025-10-27,0,BEAR,BEAR,0.22,0.4,1.0,-27.0,1.1,61.5,84.0,4,3,1,0,,,,,0,1,1,0,0,1
1761782400,2025-10-30,1,BEAR,BEAR,0.27,0.35,1.0,-13.2,-6.6,36.0,52.5,7,1,1,0,,,,,0,0,0,0,0,1
1761796800,2025-10-30,1,BEAR,BEAR,0.22,0.24,1.0,-14.7,-8.1,37.6,55.4,7,1,1,0,,,,,0,0,0,0,0,1
1761941700,2025-10-31,0,RANGE,RANGE,0.72,0.4,0.46,1.8,-5.2,14.2,92.8,3,2,1,0,,,,0.49,1,0,0,0,1,0
1762132500,2025-11-03,0,RANGE,RANGE,0.7,0.45,0.52,0.8,-3.1,9.5,63.6,4,3,1,0,,,,0.45,1,0,0,0,1,0
1762226100,2025-11-04,0,RANGE,RANGE,0.59,0.31,0.64,5.0,-4.2,11.3,79.6,4,3,1,0,,,,0.38,0,0,0,0,1,0
1762238700,2025-11-04,0,RANGE,RANGE,0.53,0.29,0.64,1.6,-6.5,13.7,102.5,4,3,1,0,,,,0.29,0,0,0,0,0,0
1762471800,2025-11-06,1,RANGE,RANGE,0.56,0.39,1.0,-2.8,-7.2,21.8,162.4,4,0,0,0,,,,0.49,0,0,0,0,1,0
1762888500,2025-11-11,1,RANGE,RANGE,0.83,0.4,0.28,24.2,16.3,40.3,152.2,1,0,0,0,,,,0.86,1,0,0,0,1,0
1762929000,2025-11-12,1,RANGE,RANGE,0.82,0.4,0.28,20.4,12.2,34.3,129.8,1,0,0,0,,,,0.85,1,0,0,0,1,0
1763075700,2025-11-13,0,RANGE,RANGE,0.74,0.34,0.4,19.4,14.3,32.1,102.4,1,0,0,0,,,,0.79,1,0,0,0,1,0
1763363700,2025-11-17,0,BULL,BULL,0.22,0.3,1.0,-8.1,1.5,18.6,18.6,2,0,0,0,,,,,0,0,0,0,0,0
1763593200,2025-11-19,0,BULL,BULL,0.42,0.43,1.0,-13.4,2.8,18.8,18.8,4,3,1,0,,,,,0,0,0,0,0,0
1763956800,2025-11-24,1,BULL,BULL,0.45,0.46,0.82,2.8,-1.3,16.2,16.2,3,0,0,0,,,,,0,0,0,0,0,0
1763964900,2025-11-24,1,BULL,BULL,0.41,0.39,0.82,2.8,-2.1,15.8,15.8,3,0,0,0,,,,,0,0,0,0,0,0
1764115200,2025-11-26,1,BULL,BULL,0.85,0.59,0.23,12.9,12.1,44.6,44.6,0,0,0,0,,,,,1,0,0,0,0,0
1764652500,2025-12-02,0,BULL,BULL,0.68,0.34,0.48,17.6,18.9,59.0,59.0,2,1,1,0,,,,,0,0,0,0,0,0
1764760500,2025-12-03,1,BULL,BULL,0.51,0.62,0.83,11.5,13.5,53.2,53.2,4,0,0,0,,,,,0,0,0,0,0,0
1764795600,2025-12-03,0,BULL,BULL,0.52,0.32,0.88,9.2,12.7,48.1,48.1,4,0,0,0,,,,,0,0,0,0,0,0
1764901800,2025-12-05,1,BULL,BULL,0.41,0.67,1.0,-2.8,10.9,52.9,52.9,4,0,0,0,,,,,0,0,0,0,0,0
1765368000,2025-12-10,0,BULL,BULL,0.35,0.4,1.0,2.3,8.7,65.2,65.2,3,2,1,0,,,,,0,0,0,0,0,0
1765395900,2025-12-10,1,BULL,BULL,0.52,0.91,1.0,0.8,4.7,26.1,26.1,3,2,1,0,,,,,0,0,0,0,0,0
1765438200,2025-12-11,1,BULL,BULL,0.53,0.54,1.0,1.6,8.9,55.2,55.2,3,2,1,0,,,,,0,0,0,0,0,0
1765569600,2025-12-12,1,BULL,BULL,0.71,0.44,0.52,12.6,13.0,40.4,40.4,0,0,0,0,,,,,1,0,0,0,0,0
1765926900,2025-12-16,1,BULL,BULL,0.73,0.55,0.56,20.5,17.8,70.4,70.4,0,0,0,0,,,,,1,0,0,0,0,0
1766064600,2025-12-18,0,BULL,BULL,0.83,0.64,1.0,4.4,18.9,72.7,72.7,0,0,0,0,,,,,1,0,0,0,0,0
1766070000,2025-12-18,1,BULL,BULL,0.76,0.55,1.0,-0.5,9.8,39.5,39.5,0,0,0,0,,,,,1,0,0,0,0,0
1766594700,2025-12-24,0,BULL,BULL,0.78,0.37,0.36,13.1,15.0,46.0,46.0,2,1,1,0,,,,,1,0,0,0,0,0
1767142800,2025-12-31,0,BULL,BULL,0.21,0.37,1.0,-11.9,-0.7,41.7,41.7,4,3,1,0,,,,,0,0,0,0,0,0
1767386700,2026-01-02,1,BULL,BULL,0.21,0.25,1.0,-26.3,-3.4,55.9,55.9,5,4,1,0,,,,,0,0,0,0,0,0
1767772800,2026-01-07,0,RANGE,RANGE,0.85,0.41,0.26,12.3,10.8,55.5,63.7,2,1,1,0,,,,0.78,1,0,0,0,1,0
1767793500,2026-01-07,0,RANGE,RANGE,0.76,0.35,0.37,12.4,8.0,46.5,53.6,4,1,1,0,,,,0.69,1,0,0,0,1,0
1767801600,2026-01-07,0,RANGE,RANGE,0.73,0.31,0.39,9.4,5.6,35.2,40.6,5,2,1,0,,,,0.66,1,0,0,0,1,0
1768261500,2026-01-12,0,BULL,BULL,0.86,0.75,0.23,11.7,19.5,26.8,26.8,1,0,0,0,,,,,1,0,0,0,0,0
1768272300,2026-01-13,0,BULL,BULL,0.84,0.47,0.25,10.8,17.7,27.1,27.1,2,1,1,0,,,,,1,0,0,0,0,0
1768292100,2026-01-13,0,BULL,BULL,0.82,0.29,0.25,15.3,19.6,30.3,30.3,3,0,0,0,,,,,1,0,0,0,0,0
1768456800,2026-01-15,0,BULL,BULL,0.8,0.39,0.33,12.7,13.6,24.7,24.7,1,0,0,0,,,,,1,0,0,0,0,0
1768572000,2026-01-16,0,BULL,BULL,0.51,0.59,0.84,1.8,15.9,31.5,31.5,1,0,0,0,,,,,0,0,0,0,0,0
1769028300,2026-01-21,1,BULL,BULL,0.82,0.56,0.38,10.8,13.6,22.9,22.9,3,2,1,0,,,,,1,0,0,0,0,0
1769059800,2026-01-22,1,BULL,BULL,0.75,0.34,0.38,25.6,32.9,63.0,63.0,3,2,1,0,,,,,1,0,0,0,0,0
1769169600,2026-01-23,1,BULL,BULL,0.89,0.79,0.22,25.4,32.3,56.7,56.7,2,1,1,0,,,,,1,0,0,0,0,0
1770231600,2026-02-04,0,BEAR,BEAR,0.5,0.39,1.0,-12.3,2.4,12.2,16.9,4,3,1,0,,,,,0,1,1,0,0,1
1770688800,2026-02-10,0,BEAR,BEAR,0.89,0.62,1.0,3.7,6.2,22.9,30.2,3,2,1,0,,,,,1,1,1,0,0,1
1770908400,2026-02-12,0,BEAR,BEAR,0.79,0.45,0.4,13.2,10.2,40.2,52.4,1,0,0,0,,,,,1,1,0,0,0,1
1771223400,2026-02-16,0,RANGE,RANGE,0.52,0.61,1.0,-5.1,6.3,63.7,69.8,2,0,0,0,,,,0.61,0,0,0,0,1,0
1771471800,2026-02-19,1,RANGE,RANGE,0.66,0.69,1.0,5.3,5.1,83.9,92.3,6,5,1,0,,,,0.66,0,0,0,0,1,0
1771911900,2026-02-24,0,BULL,BULL,0.82,0.47,0.29,30.0,18.4,34.9,34.9,0,0,0,0,,,,,1,0,0,0,0,0
1771947000,2026-02-24,1,BULL,BULL,0.71,0.36,0.46,12.5,7.7,16.2,16.2,2,1,1,0,,,,,1,0,0,0,0,0
1772019900,2026-02-25,0,BULL,BULL,0.76,0.75,0.55,17.9,17.3,35.5,35.5,2,1,1,0,,,,,1,0,0,0,0,0
1772485200,2026-03-02,0,BULL,BULL,0.72,0.51,0.53,13.0,17.6,36.0,36.0,2,0,0,0,,,,,1,0,0,0,0,0
1772660700,2026-03-04,0,BEAR,BEAR,0.34,0.47,1.0,-2.4,2.1,11.3,27.0,5,3,1,0,,,,,0,1,1,0,0,1
1773188100,2026-03-11,0,BEAR,BEAR,0.88,0.77,0.35,8.1,9.1,21.1,39.8,0,0,0,0,,,,,1,1,0,0,0,1
1773392400,2026-03-13,0,RANGE,RANGE,0.2,0.28,1.0,-0.3,-2.7,3.1,20.5,5,1,1,0,,,,0.46,0,0,0,0,1,0
1773777600,2026-03-17,0,RANGE,RANGE,0.16,0.42,1.0,-27.1,-15.0,-8.2,26.0,6,5,1,0,,,,0.23,0,0,0,0,0,0
1774330200,2026-03-24,1,BEAR,BEAR,0.28,0.63,1.0,-27.5,-22.6,-15.7,-15.7,7,6,1,0,,,,,0,0,1,0,0,0
1774422000,2026-03-25,0,BEAR,BEAR,0.6,0.82,1.0,-26.2,-25.5,-14.5,-14.5,4,3,1,0,,,,,0,0,1,0,0,0
1774435500,2026-03-25,0,BEAR,BEAR,0.67,0.83,1.0,-15.0,-21.8,-12.3,-12.3,4,3,1,0,,,,,0,0,1,0,0,0
1774443600,2026-03-25,0,BEAR,BEAR,0.72,0.83,1.0,-7.9,-17.3,-9.8,-9.8,5,4,1,0,,,,,1,0,1,0,0,0
1774477800,2026-03-25,0,BEAR,BEAR,0.68,0.54,1.0,-3.6,-16.0,-9.6,-9.6,5,4,1,0,,,,,0,0,1,0,0,0
1774530900,2026-03-26,0,BEAR,BEAR,0.58,0.21,1.0,-13.4,-20.6,-15.3,-15.3,4,3,1,0,,,,,0,0,1,0,0,0
1774556100,2026-03-26,1,BEAR,BEAR,0.59,0.28,1.0,-8.8,-20.4,-15.6,-15.6,2,1,1,0,,,,,0,0,0,0,0,0
1774613700,2026-03-27,1,BEAR,BEAR,0.56,0.61,0.64,19.3,-33.9,-28.3,-28.3,6,0,0,0,,,,,0,0,0,0,0,0
1774834200,2026-03-30,1,BEAR,BEAR,0.56,0.53,0.85,2.5,-11.0,-10.8,-10.8,6,0,0,0,,,,,0,0,0,0,0,0
1774913400,2026-03-30,0,BEAR,BEAR,0.67,0.61,1.0,9.8,-17.6,-17.3,-17.3,6,0,0,0,,,,,0,0,0,0,0,0
1774917000,2026-03-31,1,BEAR,BEAR,0.74,0.73,1.0,8.8,-11.4,-12.4,-12.4,6,0,0,0,,,,,1,0,0,0,0,0
1774955700,2026-03-31,1,BEAR,BEAR,0.83,0.68,0.34,1.1,-10.1,-11.2,-11.2,2,1,1,0,,,,,1,0,0,0,0,0
1775437200,2026-04-06,1,BEAR,BEAR,0.58,0.36,0.65,5.9,-2.8,-3.8,-3.8,1,0,0,0,,,,,0,0,0,0,0,0
1775512800,2026-04-06,0,BEAR,BEAR,0.57,0.6,0.77,16.9,-4.8,-7.6,-7.6,1,0,0,0,,,,,0,0,0,0,0,0
1775529900,2026-04-07,0,BEAR,BEAR,0.53,0.38,0.77,9.4,-3.3,-5.1,-5.1,1,0,0,0,,,,,0,0,0,0,0,0
1775648700,2026-04-08,0,BEAR,BEAR,0.81,0.76,0.28,6.3,6.4,5.3,5.3,1,0,0,0,,,,,1,1,0,0,0,1
1775652300,2026-04-08,0,BEAR,BEAR,0.81,0.77,0.29,4.8,5.9,4.9,4.9,2,1,1,0,,,,,1,1,0,0,0,1
1775696400,2026-04-09,1,BEAR,BEAR,0.55,0.14,0.52,-3.7,0.6,-0.5,-0.5,5,4,1,0,,,,,0,1,1,0,0,0
1775784600,2026-04-10,0,BEAR,BEAR,0.67,0.71,0.62,12.6,6.7,5.5,5.5,5,4,1,0,,,,,0,1,1,0,0,1
1775790000,2026-04-10,0,BEAR,BEAR,0.62,0.58,0.62,12.3,4.2,3.2,3.2,5,4,1,0,,,,,0,1,1,0,0,0
1775816100,2026-04-10,0,BEAR,BEAR,0.6,0.45,0.64,10.8,4.4,3.3,3.3,5,4,1,0,,,,,0,1,1,0,0,1
1776242700,2026-04-15,0,BEAR,BEAR,0.77,0.56,0.3,10.6,9.6,9.9,9.9,0,0,0,0,,,,,1,1,0,0,0,1
1776253500,2026-04-15,0,BEAR,BEAR,0.74,0.46,0.38,8.6,8.1,8.4,8.4,1,0,0,0,,,,,1,1,0,0,0,1
1776760200,2026-04-21,0,BEAR,BEAR,0.36,0.31,1.0,-3.2,3.3,6.4,6.4,2,1,1,0,,,,,0,1,0,0,0,1
1776778200,2026-04-21,0,BEAR,BEAR,0.34,0.38,1.0,-0.7,2.7,5.5,5.5,2,1,1,0,,,,,0,1,0,0,0,1
1776882600,2026-04-22,0,BEAR,BEAR,0.32,0.68,1.0,-7.0,-2.5,1.8,1.8,5,2,1,0,,,,,0,0,1,0,0,0
1776904200,2026-04-23,0,BEAR,BEAR,0.34,0.65,1.0,-5.1,-0.9,1.7,1.7,5,2,1,0,,,,,0,0,1,0,0,0
1776923100,2026-04-23,0,BEAR,BEAR,0.2,0.26,1.0,-9.2,-4.9,-1.6,-1.6,5,2,1,0,,,,,0,0,1,0,0,0
1776943800,2026-04-23,0,BEAR,BEAR,0.17,0.28,1.0,-9.4,-5.6,-2.5,-2.5,5,2,1,0,,,,,0,0,1,0,0,0
1777250700,2026-04-27,0,BEAR,BEAR,0.23,0.48,1.0,-14.6,-5.2,-3.7,-3.7,7,1,1,0,,,,,0,0,0,0,0,0
1777635900,2026-05-01,1,BEAR,BEAR,0.33,0.22,1.0,-18.3,-16.5,-20.2,-20.2,6,5,1,0,,,,,0,0,1,0,0,0
1777845600,2026-05-03,0,BEAR,BEAR,0.59,0.63,1.0,-6.4,-8.7,-13.0,-13.0,5,4,1,0,,,,,0,0,1,0,0,0
1777859100,2026-05-04,0,BEAR,BEAR,0.54,0.53,1.0,-7.1,-7.5,-11.8,-11.8,5,4,1,0,,,,,0,0,1,0,0,0
1777863600,2026-05-04,0,BEAR,BEAR,0.52,0.5,1.0,-7.1,-6.7,-10.4,-10.4,5,4,1,0,,,,,0,0,1,0,0,0
1778021100,2026-05-05,1,BEAR,BEAR,0.45,0.81,1.0,3.7,-14.3,-22.6,-22.6,5,4,1,0,,,,,0,0,1,0,0,0
1778197500,2026-05-07,0,BEAR,BEAR,0.77,0.27,0.31,7.9,3.7,-2.3,-2.3,1,0,0,0,,,,,1,1,0,0,0,0
1778585400,2026-05-12,0,BEAR,BEAR,0.45,0.39,0.7,4.1,2.5,-2.8,-2.8,1,0,0,0,,,,,0,1,0,0,0,0
1778685300,2026-05-13,0,BEAR,BEAR,0.39,0.6,1.0,-4.1,0.4,-3.5,-3.5,3,1,1,0,,,,,0,1,0,0,0,0
1779172200,2026-05-19,0,BEAR,BEAR,0.3,0.38,1.0,-17.2,-12.1,-21.1,-21.1,7,6,1,0,,,,,0,0,1,0,0,0
1779187500,2026-05-19,0,BEAR,BEAR,0.27,0.3,1.0,-14.9,-10.2,-17.4,-17.4,7,6,1,0,,,,,0,0,1,0,0,0
1779350400,2026-05-21,0,BEAR,BEAR,0.48,0.65,1.0,-9.0,-9.9,-20.2,-20.2,6,2,1,0,,,,,0,0,1,0,0,0
1779378300,2026-05-21,0,BEAR,BEAR,0.43,0.28,1.0,-3.2,-9.4,-17.3,-17.3,5,4,1,0,,,,,0,0,1,0,0,0
1779409800,2026-05-22,0,BEAR,BEAR,0.63,0.6,1.0,-3.4,-18.2,-41.7,-41.7,5,4,1,0,,,,,0,0,1,0,0,0
1779421500,2026-05-22,0,BEAR,BEAR,0.56,0.58,1.0,-1.1,-12.6,-27.2,-27.2,5,4,1,0,,,,,0,0,1,0,0,0
1779431400,2026-05-22,0,BEAR,BEAR,0.54,0.54,1.0,-1.2,-12.0,-25.7,-25.7,5,4,1,0,,,,,0,0,1,0,0,0
1779462900,2026-05-22,0,BEAR,BEAR,0.48,0.4,1.0,-1.5,-9.1,-18.7,-18.7,5,4,1,0,,,,,0,0,1,0,0,0
1779781500,2026-05-26,0,BEAR,BEAR,0.67,0.28,0.46,8.8,-8.7,-25.8,-25.8,2,1,1,0,,,,,0,0,0,0,0,0
1779789600,2026-05-26,0,BEAR,BEAR,0.59,0.25,0.55,7.4,-7.9,-21.4,-21.4,3,0,0,0,,,,,0,0,0,0,0,0
1779801300,2026-05-26,0,BEAR,BEAR,0.5,0.27,0.69,4.6,-7.7,-19.8,-19.8,4,0,0,0,,,,,0,0,0,0,0,0
1780012800,2026-05-29,1,BEAR,BEAR,0.61,0.87,1.0,-3.6,-15.4,-46.6,-46.6,9,5,1,0,,,,,0,0,1,0,0,0
1780309800,2026-06-01,0,BEAR,BEAR,0.61,0.16,0.46,-3.6,-8.1,-28.9,-28.9,3,2,1,0,,,,,0,0,1,0,0,0
1780446600,2026-06-03,0,BEAR,BEAR,0.57,0.42,0.64,5.4,-7.3,-29.8,-29.8,4,3,1,0,,,,,0,0,1,0,0,0
1780600500,2026-06-04,0,BEAR,BEAR,0.34,0.61,1.0,-18.8,-12.2,-47.3,-47.3,6,2,1,0,,,,,0,0,1,0,0,0
1780641000,2026-06-05,0,BEAR,BEAR,0.21,0.23,1.0,-9.6,-11.3,-35.8,-35.8,7,3,1,0,,,,,0,0,1,0,0,0
1780967700,2026-06-09,0,BEAR,BEAR,0.27,0.79,1.0,-22.4,-21.7,-56.8,-56.8,7,1,1,0,,,,,0,0,0,0,0,0
1781250300,2026-06-12,1,BEAR,BEAR,0.5,0.73,1.0,-12.1,-20.8,-52.7,-52.7,7,1,1,0,,,,,0,0,0,0,0,0
1781570700,2026-06-16,1,BEAR,BEAR,0.86,0.41,0.18,9.8,-8.8,-66.1,-66.1,0,0,0,0,,,,,1,0,0,0,0,0
1781788500,2026-06-18,0,BEAR,BEAR,0.42,0.27,0.79,3.8,-8.9,-42.1,-42.1,1,0,0,0,,,,,0,0,0,0,0,0
1782086400,2026-06-22,0,BEAR,BEAR,0.15,0.35,1.0,-21.7,-17.1,-64.6,-64.6,4,3,1,0,,,,,0,0,1,0,0,0
1782157500,2026-06-22,0,BEAR,BEAR,0.27,0.64,1.0,-25.8,-20.7,-92.0,-92.0,4,3,1,0,,,,,0,0,1,0,0,0
1782713700,2026-06-29,0,BEAR,BEAR,0.5,0.61,1.0,-12.0,-17.3,-78.9,-78.9,5,4,1,0,,,,,0,0,1,0,0,0
1782734400,2026-06-29,0,BEAR,BEAR,0.48,0.32,1.0,-4.7,-16.2,-69.3,-69.3,5,4,1,0,,,,,0,0,1,0,0,0
1782752400,2026-06-29,0,BEAR,BEAR,0.38,0.31,1.0,-7.6,-16.0,-63.0,-63.0,5,4,1,0,,,,,0,0,1,0,0,0
1782891900,2026-07-01,1,BEAR,BEAR,0.22,0.16,1.0,-2.2,-21.9,-83.6,-83.6,6,3,1,0,,,,,0,0,1,0,0,0
1782932400,2026-07-01,0,BEAR,BEAR,0.71,0.68,0.33,9.2,-17.2,-106.2,-106.2,0,0,0,0,,,,,1,0,0,0,0,0
1782951300,2026-07-02,1,BEAR,BEAR,0.6,0.56,0.5,1.5,-16.1,-96.5,-96.5,0,0,0,0,,,,,0,0,0,0,0,0
